0,0,0.79300000000000004,1,0,0,0,0,0,0,0,0,0,0,0,0,0,0,0,0.034872033368436174,0.12734937136787852,0.1293503351836767,0.045286531442485713,0.50804099884365173,0.30361853021832902,0.058054362896048262,-0.11644121222381106,0,0,0.14482027645959922,-0.55636321993882898,-0.30066732290739356,0.16205235567042037,0.070055023682549275,0,0
0,0,0.79300000000000004,1,0,0,0,0,0,0,0,0,0,0,0,0,0,0,0,0.054443114933623644,0.20976120490328543,0.22702289205739112,0.06398965738190697,0.72877358569807227,0.43300739160836504,0.21254871943659212,-0.2024229792512286,0,0,0.19110678563570863,-0.77720237612901966,-0.41821667539337182,0.34480490675641173,0.11753329071850317,0,0
0,0,0.79300000000000004,1,0,0,0,0,0,0,0,0,0,0,0,0,0,0,0,0.064748731849908162,0.26815599427368242,0.33267674770429934,0.059774667918402746,0.86630158820036574,0.4817594181299707,0.37364653932642344,-0.2626171049539055,0,0,0.19157535108045162,-0.9219015189255555,-0.46873045216441389,0.50851631291944122,0.1518117156165541,0,0
0,0,0.79300000000000004,1,0,0,0,0,0,0,0,0,0,0,0,0,0,0,0,0.067753162549392565,0.3116831349097427,0.43543964559569487,0.032433910160942554,0.94880682224224311,0.48451164121133394,0.5007872475073275,-0.30458237926829496,0,0,0.16181906070173735,-1.0167897398218724,-0.47968874260677574,0.63003285896557792,0.17678123783235072,0,0
0,0,0.79300000000000004,1,0,0,0,0,0,0,0,0,0,0,0,0,0,0,0,0.067011426583996794,0.34554377620866966,0.51667850504708501,-0.0083333174170607156,1.0022068370645036,0.46989290385940408,0.59175544485402221,-0.33660518948754425,0,0,0.11968206595418325,-1.0826056691867727,-0.47363083942960443,0.71408807037328659,0.19788154419798695,0,0
0,0,0.79300000000000004,1,0,0,0,0,0,0,0,0,0,0,0,0,0,0,0,0.081979086080733399,0.37591374045881071,0.51999958481313091,-0.07727046631804356,1.0680848414177397,0.42843382015197773,0.67519720108284254,-0.36900623451221831,0,0,0.050488433032911111,-1.1708616356301558,-0.4462072352830852,0.79016517375315709,0.2251664124058835,0,0
0,0,0.79300000000000004,1,0,0,0,0,0,0,0,0,0,0,0,0,0,0,0,0.094880661677766598,0.4012017330346046,0.51999999994810164,-0.12953668705793747,1.0933533315223303,0.39451055090979009,0.7422990685758708,-0.39687922007387577,0,0,0.0066647178333441234,-1.2052070642842529,-0.41740927891237412,0.84942150237580849,0.24870934278169826,0,0
0,0,0.79300000000000004,1,0,0,0,0,0,0,0,0,0,0,0,0,0,0,0,0.10420366861738645,0.42243248575345405,0.51999999999999358,-0.17228213871446518,1.1086122666027152,0.37217337856526533,0.79812908030956664,-0.42187370082079606,0,0,-0.023617908404614956,-1.2239021660078482,-0.39436395355010423,0.89471003885809797,0.27146098144870695,0,0
0,0,0.79300000000000004,1,0,0,0,0,0,0,0,0,0,0,0,0,0,0,0,0.11099019298638206,0.44042094457428094,0.52000000000000002,-0.20812067705317541,1.1209143995786079,0.35984826828366401,0.8455300272004217,-0.44472254176193826,0,0,-0.04483867648474426,-1.2371047802834463,-0.37693636396151814,0.92945657523323633,0.29391167403199758,0,0
0,0,0.79300000000000004,1,0,0,0,0,0,0,0,0,0,0,0,0,0,0,0,0.11617388769198535,0.45577073731774592,0.52000000000000002,-0.23871483938010946,1.1316191104482256,0.35545835232443179,0.88637367641663134,-0.4658070601746141,0,0,-0.059465089647965284,-1.2475860973779487,-0.3639289103080191,0.95626632200102024,0.31608019315297875,0,0
0,0,0.79300000000000004,1,0,0,0,0,0,0,0,0,0,0,0,0,0,0,0,0.12032531042072146,0.46890348758580347,0.52000000000000002,-0.26538726507208149,1.1408809327056177,0.35726294317010476,0.92201831193810724,-0.48536010603355562,0,0,-0.06922392665010689,-1.2562328115203345,-0.35425120374120622,0.97700427942016022,0.33793919014977158,0,0
0,0,0.79300000000000004,1,0,0,0,0,0,0,0,0,0,0,0,0,0,0,0,0.12377228755702586,0.48010395192661764,0.52000000000000002,-0.28919537990911726,1.1486516732815086,0.36389327306658759,0.9534841756390533,-0.50354646485426513,0,0,-0.075415787894494449,-1.2634215829107085,-0.347062052362897,0.99301868924732062,0.35948057178696752,0,0
0,0,0.79300000000000004,1,0,0,0,0,0,0,0,0,0,0,0,0,0,0,0,0.12670906778601554,0.48956257241715601,0.52000000000000002,-0.31095825336630578,1.1548767488823504,0.37426765630085829,0.98154208833742562,-0.52049512713509016,0,0,-0.079038212412473621,-1.2693659142764666,-0.34172751024431797,1.0053010258980024,0.38071514068781254,0,0
0,0,0.79300000000000004,1,0,0,0,0,0,0,0,0,0,0,0,0,0,0,0,0.12925884244625607,0.49740770281906066,0.52000000000000002,-0.33129187148961292,1.159522096898618,0.38751564267744509,1.0067748053701284,-0.53631432575507054,0,0,-0.080859894958427672,-1.2742110694580384,-0.3377647264210118,1.0145902295882319,0.40166514501729145,0,0
0,0,0.79300000000000004,1,0,0,0,0,0,0,0,0,0,0,0,0,0,0,0,0.13150567638239549,0.50372770902633168,0.52000000000000002,-0.35064763836186569,1.1625699039263835,0.40292487468825866,1.0296255307841153,-0.55110012754679738,0,0,-0.081473682710464707,-1.2780645515088584,-0.33479860768487579,1.0214423753475386,0.42235894443338384,0,0
0,0,0.79300000000000004,1,0,0,0,0,0,0,0,0,0,0,0,0,0,0,0,0.13351012671508886,0.50858545575365788,0.52000000000000002,-0.36934797159203203,1.1640108544831964,0.41990538491201224,1.050436972399204,-0.564942135717031,0,0,-0.081336194049052318,-1.2810082430414556,-0.33253132212765696,1.0262791758062693,0.44282795657213003,0,0
0,0,0.79300000000000004,1,0,0,0,0,0,0,0,0,0,0,0,0,0,0,0,0.13531667589354154,0.51202762868688723,0.52000000000000002,-0.38761668531369942,1.1638380362875922,0.43796557199703195,1.0694822006344977,-0.57792752193492947,0,0,-0.080797909898888284,-1.2831044817773374,-0.33072117088611314,1.0294228796394866,0.46310500762246154,0,0
0,0,0.79300000000000004,1,0,0,0,0,0,0,0,0,0,0,0,0,0,0,0,0.13695720645536374,0.51409069364489091,0.52000000000000002,-0.4056038765975104,1.1620434001589657,0.45669593663416902,1.0869883681514798,-0.59014387109545285,0,0,-0.080126184499104788,-1.2843998303186308,-0.32916794347156919,1.031122006596813,0.4832234492130954,0,0
0,0,0.79300000000000004,1,0,0,0,0,0,0,0,0,0,0,0,0,0,0,0,0.13845270304974946,0.51480467732103574,0.52000000000000002,-0.42340574900850558,1.1586169129587758,0.47575813818847035,1.1031543742337666,-0.60168109058015007,0,0,-0.079522821657154436,-1.2849278913929219,-0.32770279593910762,1.0315706995917304,0.5032166886275321,0,0
0,0,0.79300000000000004,1,0,0,0,0,0,0,0,0,0,0,0,0,0,0,0,0.13981433051991152,0.51419550613014353,0.52000000000000002,-0.44107996683276668,1.1535483696680175,0.49487785717882948,1.1181634918905314,-0.61263255914098713,0,0,-0.079137361936513731,-1.2847117222815232,-0.32618137255422913,1.0309235080439898,0.5231179576062186,0,0
0,0,0.79300000000000004,1,0,0,0,0,0,0,0,0,0,0,0,0,0,0,0,0.14104449598661387,0.5122863502250935,0.52000000000000002,-0.4586571063659588,1.1468317374254469,0.51384046664559535,1.132191809393533,-0.62309565692892055,0,0,-0.079076932882476594,-1.2837660982803907,-0.32447932781809796,1.0293067942245897,0.54296023948733363,0,0
0,0,0.79300000000000004,1,0,0,0,0,0,0,0,0,0,0,0,0,0,0,0,0.14213820035900168,0.50909824920617841,0.52000000000000002,-0.47614870930483227,1.1384717955579404,0.53248875643615134,1.1454131256282358,-0.63317179384316158,0,0,-0.079413365117094376,-1.282099746224985,-0.3224896639237651,1.0268275228307315,0.5627763176832925,0,0
0,0,0.79300000000000004,1,0,0,0,0,0,0,0,0,0,0,0,0,0,0,0,0.14308479232331575,0.50465021035609692,0.52000000000000002,-0.49355241008668693,1.1284926725326505,0.5507220063839342,1.1580007379288115,-0.64296603000748409,0,0,-0.080188223210394136,-1.2797176033952908,-0.32012143383963576,1.0235798858835088,0.58259892145296222,0,0
0,0,0.79300000000000004,1,0,0,0,0,0,0,0,0,0,0,0,0,0,0,0,0.14387009240342175,0.49895894602356416,0.52000000000000002,-0.51085462942303195,1.1169476383951027,0.56849563547036153,1.1701264228842807,-0.6525863590771388,0,0,-0.081416401028817517,-1.2766231073632552,-0.31729941203761741,1.0196500036874028,0.60246093970382653,0,0
0,0,0.79300000000000004,1,0,0,0,0,0,0,0,0,0,0,0,0,0,0,0,0.14447873089417246,0.49203843710518741,0.52000000000000002,-0.52803140182962327,1.103929192381091,0.58582053313563165,1.1819568767665378,-0.66214270263748853,0,0,-0.083088946351976625,-1.2728204698536885,-0.31396433670334944,1.0151188243621652,0.6223956578066141,0,0
0,0,0.79300000000000004,1,0,0,0,0,0,0,0,0,0,0,0,0,0,0,0,0.1448964430453033,0.48389955751858921,0.52000000000000002,-0.54504801118133128,1.0895781397261852,0.60276108561938069,1.1936479784802092,-0.67174564204420328,0,0,-0.085175764692341588,-1.2683168330029193,-0.31007331277759964,1.0100633263408492,0.64243695237348841,0,0
0,0,0.79300000000000004,1,0,0,0,0,0,0,0,0,0,0,0,0,0,0,0,0.14511200825446219,0.47455004797023426,0.52000000000000002,-0.56185819365778211,1.0740900841256849,0.61943093182897668,1.2053374600683633,-0.68150489314808971,0,0,-0.087628763933274789,-1.2631241658987606,-0.30559997001437306,1.0045562128879142,0.66261936094656215,0,0
0,0,0.79300000000000004,1,0,0,0,0,0,0,0,0,0,0,0,0,0,0,0,0.14511853377151224,0.46399515739121905,0.52000000000000002,-0.57840366512144981,1.0577177155041093,0.63598569518614989,1.217136868724455,-0.69152751293927917,0,0,-0.090385811265212557,-1.2572607582666007,-0.30053402659554734,0.99866445597418307,0.68297793405781548,0,0
0,0,0.79300000000000004,1,0,0,0,0,0,0,0,0,0,0,0,0,0,0,0,0.14491388240488787,0.45223924632212087,0.52000000000000002,-0.59461458703267922,1.0407675758220749,0.65261237187198129,1.2291239826495211,-0.70191582318988954,0,0,-0.093375588108962362,-1.2507522262458912,-0.29488003420764647,0.99244724542987373,0.70354778185781253,0,0
0,0,0.79300000000000004,1,0,0,0,0,0,0,0,0,0,0,0,0,0,0,0,0.14450021462759435,0.43928854618483376,0.52000000000000002,-0.6104112988551389,1.0235906803694781,0.66951566951275243,1.241336977101732,-0.71276505495065878,0,0,-0.09652310001125157,-1.2436320576394855,-0.28865526599870173,0.9859540453610508,0.7243632498044148,0,0
0,0,0.79300000000000004,1,0,0,0,0,0,0,0,0,0,0,0,0,0,0,0,0.14388281245974169,0.42515509117447081,0.52000000000000002,-0.62570728349226401,1.00656735560066,0.68690226021544187,1.253771524339552,-0.72416076548254604,0,0,-0.099755316931814567,-1.2359418512458547,-0.28188691608478578,0.97922346941611094,0.74545669734090614,0,0
0,0,0.79300000000000004,1,0,0,0,0,0,0,0,0,0,0,0,0,0,0,0,0.14306851220434919,0.40986161346614686,0.52000000000000002,-0.64041301466645872,0.99008768660030677,0.70496446543131253,1.266381625815592,-0.73617615068589337,0,0,-0.10300627751000963,-1.2277314836621456,-0.27460895223164977,0.9722835172385943,0.76685690562874997,0,0
0,0,0.79300000000000004,1,0,0,0,0,0,0,0,0,0,0,0,0,0,0,0,0.1420641435238163,0.39344696920327255,0.52000000000000002,-0.65444017301615243,0.97452975736188441,0.72386516980268256,1.2790843936375236,-0.74886945239099845,0,0,-0.10622103853990893,-1.2190594136942929,-0.26685905255244557,0.96515339632880615,0.78858719797312971,0,0
0,0,0.79300000000000004,1,0,0,0,0,0,0,0,0,0,0,0,0,0,0,0,0.14087533791325491,0.3759715003473697,0.52000000000000002,-0.66770575216800876,0.96023820215172484,0.74372568873001632,1.2917683745919601,-0.76228171457967953,0,0,-0.10935806683785387,-1.2099932013946166,-0.25867604278886808,0.95784678229349585,0.81066341162454414,0,0
0,0,0.79300000000000004,1,0,0,0,0,0,0,0,0,0,0,0,0,0,0,0,0.13950595569277693,0.35752167890622516,0.52000000000000002,-0.68013575488251532,0.94750541934427301,0.76461791896003517,1.3043045063827161,-0.77643515362423621,0,0,-0.11238997238035354,-1.2006101253943815,-0.25009814984969742,0.95037606208106118,0.83309190508357789,0,0
0,0,0.79300000000000004,1,0,0,0,0,0,0,0,0,0,0,0,0,0,0,0,0.13795823516258646,0.33821343854264452,0.52000000000000002,-0.6916683918899178,0.93655724660127238,0.78656149679903375,1.3165585142064238,-0.7913323667263622,0,0,-0.11530276634367927,-1.1909976119336247,-0.24116223994555663,0.94275693953754391,0.8558678147957457,0,0
0,0,0.79300000000000004,1,0,0,0,0,0,0,0,0,0,0,0,0,0,0,0,0.13623363442482406,0.3181937559997724,0.52000000000000002,-0.7022568389905528,0.92754415724022443,0.80952601907434873,1.3284035081573902,-0.80695651713614591,0,0,-0.11809401847356413,-1.181253115542761,-0.23190405658904478,0.93501277462417576,0.87897378322286335,0,0
0,0,0.79300000000000004,1,0,0,0,0,0,0,0,0,0,0,0,0,0,0,0,0.13433423802680391,0.29764026175234853,0.52000000000000002,-0.7118716357631405,0.92053829766141426,0.83343777207736691,1.3397316693364989,-0.82327252168315812,0,0,-0.1207703575786653,-1.1714831448508078,-0.2223593400554767,0.92717813499688539,0.9023793606478433,0,0
0,0,0.79300000000000004,1,0,0,0,0,0,0,0,0,0,0,0,0,0,0,0,0.13226453765356208,0.27675888985935548,0.52000000000000002,-0.72050274110764079,0.91553606041834645,0.85818994331307519,1.3504641321201778,-0.84022914585509345,0,0,-0.1233447241906698,-1.1618012871320749,-0.21256560409850722,0.9193011992107466,0.92604123129025362,0,0
0,0,0.79300000000000004,1,0,0,0,0,0,0,0,0,0,0,0,0,0,0,0,0.13003335891279774,0.25577978132749429,0.52000000000000002,-0.72816115329905018,0.91246541985376939,0.88365499769347988,1.3605584168551224,-0.85776180279450609,0,0,-0.12583368620374583,-1.1523252979013681,-0.20256426944905553,0.91144481632091701,0.94990433090648474,0,0
0,0,0.79300000000000004,1,0,0,0,0,0,0,0,0,0,0,0,0,0,0,0,0.12765568768524485,0.23495180674759034,0.52000000000000002,-0.73487991284509957,0.91119694654171757,0.90969779366302717,1.3700130114612881,-0.87579577084381777,0,0,-0.1282550088411181,-1.1431735244995265,-0.19240281174977578,0.90368617655204952,0.97390381648221802,0,0
0,0,0.79300000000000004,1,0,0,0,0,0,0,0,0,0,0,0,0,0,0,0,0.12515415120309067,0.214536160563913,0.52000000000000002,-0.74071427114819166,0.9115572502336865,0.93618808848669777,1.3788689397210827,-0.89424950171317974,0,0,-0.13062556094197131,-1.1344610742426797,-0.1821365840364475,0.89611518165282567,0.99796773578831532,0,0
0,0,0.79300000000000004,1,0,0,0,0,0,0,0,0,0,0,0,0,0,0,0,0.12255993881615615,0.1947995016646413,0.52000000000000002,-0.74574083617132181,0.91334356929135041,0.96301131305924581,1.3872083929829992,-0.91303769483180064,0,0,-0.13295955793227276,-1.1262961897990775,-0.17183002878763581,0.88883172418735434,1.0220201475969879,0,0
0,0,0.79300000000000004,1,0,0,0,0,0,0,0,0,0,0,0,0,0,0,0,0.11599369504575786,0.1734915185314935,0.52000000000000002,-0.74123600236575593,0.90173613689113952,0.98571851449401893,1.4051871241713836,-0.92790629607982122,0,0,-0.12697671106833949,-1.1040393202585554,-0.16511264908703341,0.88586038023412172,1.0444368807383566,0,0
0,0,0.79300000000000004,1,0,0,0,0,0,0,0,0,0,0,0,0,0,0,0,0.11196834197810916,0.15468562894647209,0.52000000000000002,-0.74036146198640007,0.90178574323458005,1.0088771277445641,1.4177435448240503,-0.94274725573878349,0,0,-0.12359957848320162,-1.0917432857875058,-0.15981035759163584,0.88223947766580213,1.0669568733207195,0,0
0,0,0.79300000000000004,1,0,0,0,0,0,0,0,0,0,0,0,0,0,0,0,0.10940470448512939,0.13797838620614411,0.52000000000000002,-0.7414186828581959,0.90564118248139258,1.0321271629053186,1.4277831738998072,-0.95757119611795394,0,0,-0.12212025575019435,-1.0831607900742102,-0.15474689210309872,0.87796085980377736,1.0892879256266526,0,0
0,0,0.79300000000000004,1,0,0,0,0,0,0,0,0,0,0,0,0,0,0,0,0.10766846920085481,0.12323804827309892,0.52000000000000002,-0.74345477226437284,0.91096696135572108,1.055401795253188,1.4365830567247435,-0.97235831343075696,0,0,-0.12180570050976992,-1.0763232062943566,-0.14967874854239605,0.87339142514416168,1.1114020579076145,0,0
0,0,0.79300000000000004,1,0,0,0,0,0,0,0,0,0,0,0,0,0,0,0,0.10641666368609262,0.11046729912042223,0.52000000000000002,-0.74597503116796338,0.91700999980607167,1.0787134843713786,1.4448453850764791,-0.98706515502204795,0,0,-0.12214444150159615,-1.0706119020015334,-0.14462877753051523,0.86889932563522099,1.1333134705274415,0,0
0,0,0.79300000000000004,1,0,0,0,0,0,0,0,0,0,0,0,0,0,0,0,0.10547799686180026,0.099733738439441694,0.52000000000000002,-0.74875450468041638,0.92347495411753122,1.1021080740872327,1.4530431603485887,-1.0016353401504701,0,0,-0.12282010170889243,-1.0658451302586029,-0.1396913350417662,0.86478264542092731,1.1550281295243208,0,0
0,0,0.79300000000000004,1,0,0,0,0,0,0,0,0,0,0,0,0,0,0,0,0.10477800713087883,0.091129368139992686,0.52000000000000002,-0.75172065499319807,0.93021468759124037,1.1256531758356672,1.4615377711474118,-1.0160056513895759,0,0,-0.12364350414222305,-1.0619873381213574,-0.13497785012801009,0.86127227474255164,1.1765391575503559,0,0
0,0,0.79300000000000004,1,0,0,0,0,0,0,0,0,0,0,0,0,0,0,0,0.10429501764191909,0.084745864992136238,0.52000000000000002,-0.75488196132673935,0.93714870202564693,1.1494328366181261,1.4706208192764534,-1.0301092522747577,0,0,-0.12449836673309971,-1.0590524537621155,-0.13060160682162975,0.85854644543362413,1.1978310536120862,0,0
0,0,0.79300000000000004,1,0,0,0,0,0,0,0,0,0,0,0,0,0,0,0,0.10403453572106107,0.080659517985006271,0.52000000000000002,-0.75828466119249882,0.94424244492819964,1.1735427941046701,1.480529341868652,-1.0438776581731666,0,0,-0.12530628230223392,-1.0570698220084651,-0.1266727823072975,0.85674246513009589,1.2188837132922303,0,0
0,0,0.79300000000000004,1,0,0,0,0,0,0,0,0,0,0,0,0,0,0,0,0.10401423964355276,0.07892223320282428,0.52000000000000002,-0.76198629227758619,0.95150148339469764,1.1980853737094299,1.4914509300838752,-1.0572423980171668,0,0,-0.12600626121098549,-1.0560714217585458,-0.1232958718193246,0.85596403828660439,1.2396748148638681,0,0
0,0,0.79300000000000004,1,0,0,0,0,0,0,0,0,0,0,0,0,0,0,0,0.10425498106472612,0.07955630443463281,0.52000000000000002,-0.76603921679040432,0.95896835815272208,1.2231639649950181,1.5035246569864014,-1.0701368931343307,0,0,-0.12654376296370848,-1.0560866018347419,-0.12056751645441469,0.85628526657774184,1.2601808720412506,0,0
0,0,0.79300000000000004,1,0,0,0,0,0,0,0,0,0,0,0,0,0,0,0,0.10576057821487779,0.086351970529116098,0.52000000000000002,-0.78052473521996824,0.97964201524969841,1.255444579234066,1.5070404107153279,-1.0857803763588607,0,0,-0.13666757219194584,-1.0779180970397786,-0.11790815566427437,0.85857146560427211,1.2808353069042531,0,0
0,0,0.79300000000000004,1,0,0,0,0,0,0,0,0,0,0,0,0,0,0,0,0.10578802366299951,0.090397902891451665,0.52000000000000002,-0.78092934154839555,0.97654765872882487,1.2819300034308494,1.5264125468862055,-1.0981478010150725,0,0,-0.13388975747140291,-1.0676145000552937,-0.11436246626853851,0.86103893780408314,1.3002876119879754,0,0
0,0,0.79300000000000004,1,0,0,0,0,0,0,0,0,0,0,0,0,0,0,0,0.1081753177848563,0.10126275765933422,0.52000000000000002,-0.79253850456746511,0.99519024289537594,1.3163178018039801,1.535087640155844,-1.1128268534091181,0,0,-0.1400696479159689,-1.0878834186189601,-0.11353937341070171,0.8667644649965891,1.3198667283134264,0,0
0,0,0.79300000000000004,1,0,0,0,0,0,0,0,0,0,0,0,0,0,0,0,0.11057586837043774,0.11347586261282593,0.52000000000000002,-0.8008450200584728,1.0042006877294287,1.3517813729111599,1.5495823460421487,-1.1270554401962245,0,0,-0.14359567186072517,-1.0980102190215904,-0.11181213921237408,0.87302228110322466,1.3384324242515497,0,0
0,0,0.79300000000000004,1,0,0,0,0,0,0,0,0,0,0,0,0,0,0,0,0.11315044899322545,0.1270373005066586,0.52000000000000002,-0.80723451006119307,1.0131741912466403,1.3882055779923637,1.5663921880001588,-1.1406287935019961,0,0,-0.14466911254034107,-1.1066515503629004,-0.11110383852503876,0.8803400001171745,1.3564335985448632,0,0
0,0,0.79300000000000004,1,0,0,0,0,0,0,0,0,0,0,0,0,0,0,0,0.11594584948870841,0.14198270311891764,0.52000000000000002,-0.81256356222943849,1.0232618185935074,1.4254512994768824,1.584661902720941,-1.1534167608871988,0,0,-0.14414400708517583,-1.1154746697122326,-0.11168408986811161,0.88837280213063818,1.37387115817063,0,0
0,0,0.79300000000000004,1,0,0,0,0,0,0,0,0,0,0,0,0,0,0,0,0.1189646188493414,0.15826892688096086,0.52000000000000002,-0.81718734922128533,1.0346327977617868,1.4633729591720424,1.6038909799376662,-1.1653622734574238,0,0,-0.14247885446396563,-1.1248710420634793,-0.11355888610827286,0.89690389823896688,1.3907059324458793,0,0
0,0,0.79300000000000004,1,0,0,0,0,0,0,0,0,0,0,0,0,0,0,0,0.12218662913501173,0.17576944802775965,0.52000000000000002,-0.8211956766004106,1.0473322429217236,1.5017903662647176,1.6236285555288805,-1.1764604370658651,0,0,-0.13990028867841484,-1.1349065256108943,-0.11667691823009509,0.90580792770234453,1.406904107427595,0,0
0,0,0.79300000000000004,1,0,0,0,0,0,0,0,0,0,0,0,0,0,0,0,0.12557475026987577,0.1942969848356802,0.52000000000000002,-0.82455813716257698,1.0613633298355656,1.5404798851486565,1.6434317010418757,-1.1867416211855917,0,0,-0.13653850503555817,-1.1455330120821112,-0.12096762980531484,0.91499055088255943,1.4224404052504664,0,0
0,0,0.79300000000000004,1,0,0,0,0,0,0,0,0,0,0,0,0,0,0,0,0.12907915938640974,0.21362648646609356,0.52000000000000002,-0.82720302916691424,1.0766878411460186,1.5791805390001732,1.662864135850006,-1.1962592423622478,0,0,-0.13248943538618205,-1.1566514675653967,-0.12635028987975738,0.92436538508876087,1.4372970487957908,0,0
0,0,0.79300000000000004,1,0,0,0,0,0,0,0,0,0,0,0,0,0,0,0,0.13265302665393561,0.23352820831775539,0.52000000000000002,-0.82901116087144677,1.0916263622744147,1.617344480266695,1.6768292707722663,-1.2051285656207624,0,0,-0.12816318784371691,-1.1678709527726572,-0.13267946647443041,0.93378451899438808,1.4514263259076772,0,0
0,0,0.79300000000000004,1,0,0,0,0,0,0,0,0,0,0,0,0,0,0,0,0.13618769647430917,0.25386936497974999,0.52000000000000002,-0.82994343732222453,1.1044300589953977,1.6542150681087953,1.6815045053841944,-1.2134944990415555,0,0,-0.12394217276293705,-1.1790567400735963,-0.13984300423861346,0.94321493971048631,1.4647773441506937,0,0
0,0,0.79300000000000004,1,0,0,0,0,0,0,0,0,0,0,0,0,0,0,0,0.13952482722975645,0.27455567307788686,0.52000000000000002,-0.83003613918879005,1.1173005492763803,1.6895121448440171,1.6848324120615845,-1.2214008352571832,0,0,-0.11936655576756022,-1.1908194570838118,-0.14788188243574393,0.95284930163541948,1.477387439153228,0,0
0,0,0.79300000000000004,1,0,0,0,0,0,0,0,0,0,0,0,0,0,0,0,0.14263814073461598,0.2953081571900168,0.52000000000000002,-0.82949495477456892,1.1309058203138995,1.7231637047923714,1.6874797742488599,-1.2288781120157588,0,0,-0.11436723013835159,-1.2028947823877099,-0.15665887099163495,0.96259760977950537,1.4892629755843361,0,0
0,0,0.79300000000000004,1,0,0,0,0,0,0,0,0,0,0,0,0,0,0,0,0.14554160961922022,0.31581408303334674,0.52000000000000002,-0.82849244753669471,1.1454090845776683,1.7551324603187526,1.6895463078188071,-1.2359593895854004,0,0,-0.10899689159337929,-1.2149561003904561,-0.16603274148049763,0.97232339289159397,1.5004171794128949,0,0
0,0,0.79300000000000004,1,0,0,0,0,0,0,0,0,0,0,0,0,0,0,0,0.14825375124387191,0.33578511732819932,0.52000000000000002,-0.8271521979353087,1.1607716740326337,1.785400435324894,1.6910589014761015,-1.2426785372028086,0,0,-0.10334192593093969,-1.2267309204497447,-0.1758852573836423,0.9819018554418667,1.5108743460947054,0,0
0,0,0.79300000000000004,1,0,0,0,0,0,0,0,0,0,0,0,0,0,0,0,0.15078870275171749,0.35497785222298772,0.52000000000000002,-0.82556008851591423,1.1768371912626929,1.813966768192921,1.6920397647227594,-1.2490680007797876,0,0,-0.097499382643348231,-1.2380031294344764,-0.18611921539118081,0.99122959586559134,1.5206670941162024,0,0
0,0,0.79300000000000004,1,0,0,0,0,0,0,0,0,0,0,0,0,0,0,0,0.15315564807052581,0.37319857751547919,0.52000000000000002,-0.82377641343840802,1.1933695127569153,1.8408463811920104,1.6925219917252274,-1.2551573316659064,0,0,-0.091569842335254129,-1.2486050450873885,-0.196653366601552,1.0002233629515846,1.5298337803031634,0,0
0,0,0.79300000000000004,1,0,0,0,0,0,0,0,0,0,0,0,0,0,0,0,0.15535909699686326,0.39030257429959447,0.51999882984783152,-0.82183511425464451,1.2100700327119647,1.8660711856778931,1.6925480231713339,-1.2609873839264383,0,0,-0.085650010501799601,-1.2583987606628408,-0.20741959489661638,1.0088112740226218,1.5384188973662145,0,0
0,0,0.79300000000000004,1,0,0,0,0,0,0,0,0,0,0,0,0,0,0,0,0.15739984363953469,0.40618789722159904,0.5199957508463936,-0.81975838776071153,1.2266130857286015,1.8896854035438801,1.6921776488735534,-1.2666018119553908,0,0,-0.079835380127412148,-1.2672866700865426,-0.21836083902786746,1.0169309995275346,1.5464720560818428,0,0
0,0,0.79300000000000004,1,0,0,0,0,0,0,0,0,0,0,0,0,0,0,0,0.15928152356580835,0.4207852358383995,0.5199931573024813,-0.81758556268927418,1.2426953381216528,1.9117373743346771,1.6914991262501273,-1.2720087955441883,0,0,-0.074225776055598477,-1.2752381455154185,-0.22942230384765655,1.0245431623419046,1.5540412128516745,0,0
0,0,0.79300000000000004,1,0,0,0,0,0,0,0,0,0,0,0,0,0,0,0,0.16101092416824059,0.43405491970766019,0.51999103389802281,-0.8153470636401724,1.2580106974616654,1.9322860988550987,1.6906005290244204,-1.277214909889927,0,0,-0.068911778900112186,-1.2822304929226784,-0.24054848614190177,1.0316145016181264,1.5611751082821181,0,0
0,0,0.79300000000000004,1,0,0,0,0,0,0,0,0,0,0,0,0,0,0,0,0.16259661689114893,0.44597882684066054,0.51998934684393472,-0.8130684504987572,1.2722762582626281,1.9513988935624607,1.6895720451820424,-1.282226274030829,0,0,-0.063974436575987711,-1.2882587570978727,-0.25168466084121222,1.0381158756254574,1.5679239783018015,0,0
0,0,0.79300000000000004,1,0,0,0,0,0,0,0,0,0,0,0,0,0,0,0,0.16404864037658309,0.4565536230022324,0.519988058530377,-0.81077290017280146,1.2852434733288973,1.9691498686675462,1.68850320036414,-1.2870498948799469,0,0,-0.05948515643418377,-1.2933334042862186,-0.26277642073405355,1.0440213185958489,1.574339506793182,0,0
0,0,0.79300000000000004,1,0,0,0,0,0,0,0,0,0,0,0,0,0,0,0,0.16537818918041372,0.46578513328601823,0.51998713160823862,-0.80848277568566163,1.2967029243371471,1.9856185915972591,1.6874790446942058,-1.2916950241437113,0,0,-0.055505832133666617,-1.2974755205686608,-0.27376913034277117,1.049307885837254,1.5804746069233779,0,0
0,0,0.79300000000000004,1,0,0,0,0,0,0,0,0,0,0,0,0,0,0,0,0.16656103084881016,0.47366839970843239,0.51998634976709524,-0.80641556345033805,1.3064324571814985,1.9975218009779172,1.6864873552171498,-1.2961306211581172,0,0,-0.052065590092131547,-1.3006262669488873,-0.2845966032103624,1.053986683124571,1.5863858392573771,0,0
0,0,0.79300000000000004,1,0,0,0,0,0,0,0,0,0,0,0,0,0,0,0,0.16753148170989934,0.48017213607307407,0.51998540166985441,-0.80515227650691479,1.3141885155990545,1.9979775377191122,1.685377777170959,-1.3003015619805496,0,0,-0.049157123112335187,-1.3026428012215754,-0.29517614454271035,1.0581026332499082,1.5921358610378014,0,0
0,0,0.79300000000000004,1,0,0,0,0,0,0,0,0,0,0,0,0,0,0,0,0.16843778161467887,0.48532975542504181,0.51998506750794382,-0.80449679377996863,1.3200572133657567,1.9978559903527122,1.6844053670248778,-1.3044051464521498,0,0,-0.0468556681157569,-1.3038301330705415,-0.3054761004740657,1.0615446322461235,1.5977803973902986,0,0
0,0,0.79300000000000004,1,0,0,0,0,0,0,0,0,0,0,0,0,0,0,0,0.16933921533678653,0.48916780991218733,0.51998504937342238,-0.80429289326851017,1.3239863078765868,1.9977222942674424,1.6837321201585709,-1.3084831950392362,0,0,-0.045159604852114871,-1.3041855044613295,-0.31544726459194294,1.0643158418888308,1.6033710725394343,0,0
0,0,0.79300000000000004,1,0,0,0,0,0,0,0,0,0,0,0,0,0,0,0,0.17025332673925206,0.49170491266910182,0.51998529697626317,-0.80444160597949488,1.3259267401133732,1.997615659110108,1.6834029192792348,-1.312565160985,0,0,-0.044086651927132028,-1.3037226945805378,-0.32504226061426034,1.0664050915547616,1.6089623532292197,0,0
0,0,0.79300000000000004,1,0,0,0,0,0,0,0,0,0,0,0,0,0,0,0,0.17117816924508106,0.4929553151283933,0.51998579165309877,-0.80487545136251293,1.3258432752466112,1.9975450097886407,1.6834347304067916,-1.316677117847854,0,0,-0.043659489564124229,-1.3024585909278881,-0.33421199342890323,1.0678035666334715,1.614609691063563,0,0
0,0,0.79300000000000004,1,0,0,0,0,0,0,0,0,0,0,0,0,0,0,0,0.1721015546257032,0.49292998067704691,0.51998652614147289,-0.80554539305741946,1.323716382049883,1.9975155554699402,1.68382947473167,-1.3208426201261119,0,0,-0.043899441280926203,-1.3004056173531189,-0.34290490810694169,1.0685112867330089,1.6203686224891809,0,0
0,0,0.79300000000000004,1,0,0,0,0,0,0,0,0,0,0,0,0,0,0,0,0.1730047813497782,0.49163709097894898,0.51998750043959052,-0.80641313445302754,1.3195429855705496,1.9975303067050683,1.6845753403429773,-1.3250820943101147,0,0,-0.044824309857203246,-1.2975707209267215,-0.35106753809990188,1.0685381341684783,1.626294378483603,0,0
0,0,0.79300000000000004,1,0,0,0,0,0,0,0,0,0,0,0,0,0,0,0,0.17386402483694799,0.48908241215969184,0.51998871996354323,-0.80744553979313616,1.3133382247886416,1.9975902033428834,1.6856461616468326,-1.3294117988997698,0,0,-0.046447191921477421,-1.2939564590320571,-0.35864567181389267,1.067903568137023,1.6324417213732494,0,0
0,0,0.79300000000000004,1,0,0,0,0,0,0,0,0,0,0,0,0,0,0,0,0.17465084998505309,0.4852695291200001,0.51999019424518,-0.80861005458689228,1.3051389029413469,1.997694182110997,1.6870003839018157,-1.3338428641672335,0,0,-0.048775306167564259,-1.2895627562826175,-0.36558598217128357,1.0666362329196903,1.6388648986086938,0,0
0,0,0.79300000000000004,1,0,0,0,0,0,0,0,0,0,0,0,0,0,0,0,0.17533252878463221,0.48019994372454849,0.51999193578125402,-0.80987078892079822,1.2950086126305154,1.997839283785259,1.6885802397032494,-1.3383807346837853,0,0,-0.051808678467471697,-1.2843889310725796,-0.3718380656292849,1.0647736163268171,1.6456176588024516,0,0
0,0,0.79300000000000004,1,0,0,0,0,0,0,0,0,0,0,0,0,0,0,0,0.17587247101178841,0.47387310047935277,0.51999395893859335,-0.81118529950800311,1.2830440870062287,1.9980208362235259,1.6903117115156838,-1.3430252041469422,0,0,-0.055538810007681856,-1.2784358456616576,-0.37735679467178335,1.0623616092595736,1.6527532871162558,0,0
0,0,0.79300000000000004,1,0,0,0,0,0,0,0,0,0,0,0,0,0,0,0,0.17623088981454649,0.46628647284097158,0.51999627891022526,-0.81250231590699551,1.2693819718897592,1.9982327353011533,1.6921058508002103,-1.3477711008578415,0,0,-0.059947563370378772,-1.2717080590364276,-0.38210479560592842,1.0594537681308365,1.6603246094428215,0,0
0,0,0.79300000000000004,1,0,0,0,0,0,0,0,0,0,0,0,0,0,0,0,0.17636573061987265,0.45743589805001011,0.51999891073569648,-0.81376075016916183,1.2542048943849684,1.998467819533043,1.6938619178618224,-1.3526095409693302,0,0,-0.065006530728155473,-1.2642158312433858,-0.38605476897065666,1.0561101330996052,1.6683838971216569,0,0
0,0,0.79300000000000004,1,0,0,0,0,0,0,0,0,0,0,0,0,0,0,0,0.17622911155003229,0.44731992681329658,0.51999999986384193,-0.81486977407844086,1.2377267396656744,1.9987389716869932,1.6954639308836774,-1.3575472244133702,0,0,-0.070676671965980029,-1.2559572158072605,-0.38920115542757794,1.0523874653429288,1.676992645555984,0,0
0,0,0.79300000000000004,1,0,0,0,0,0,0,0,0,0,0,0,0,0,0,0,0.1757744271426544,0.43593572626429594,0.51999999999998303,-0.81573941115206305,1.2202308797290025,1.9990363541322329,1.6968040971902751,-1.3625872174186993,0,0,-0.076907645546914996,-1.2469579589146906,-0.39155129419164214,1.0483535284599284,1.6862105904492843,0,0
0,0,0.79300000000000004,1,0,0,0,0,0,0,0,0,0,0,0,0,0,0,0,0.17496061898286436,0.42328114798353089,0.52000000000000002,-0.81629159376203719,1.2020570018768306,1.9993413350219937,1.6977892011530775,-1.3677237458063061,0,0,-0.083642391893593418,-1.2372642910476559,-0.39311893471629489,1.0440826956777316,1.6960895875543092,0,0
0,0,0.79300000000000004,1,0,0,0,0,0,0,0,0,0,0,0,0,0,0,0,0.17375108251498378,0.40936104773000137,0.52000000000000002,-0.81644959747283075,1.1835739401569176,1.9996466464618627,1.698339283572998,-1.3729529842822554,0,0,-0.09081947931512932,-1.2269234262338704,-0.39392820471173345,1.0396458729247782,1.706677491476583,0,0
0,0,0.79300000000000004,1,0,0,0,0,0,0,0,0,0,0,0,0,0,0,0,0.17211464918834474,0.39419081059581224,0.52000000000000002,-0.81614377743013189,1.1651730195386663,1.9999422288718693,1.6983975218581433,-1.3782727154118921,0,0,-0.098374804306903707,-1.2159902421204314,-0.39401264727777069,1.03510968284914,1.7180166319796826,0,0
0,0,0.79300000000000004,1,0,0,0,0,0,0,0,0,0,0,0,0,0,0,0,0.17002433019030602,0.37779926057284985,0.52000000000000002,-0.81533351044205482,1.1472556000858292,1.9999534005682786,1.6979349363451632,-1.3836843214301719,0,0,-0.1062441064424559,-1.2045275951066823,-0.39341141194708723,1.0305355078854821,1.7301418741308063,0,0
0,0,0.79300000000000004,1,0,0,0,0,0,0,0,0,0,0,0,0,0,0,0,0.1674689626689144,0.36023782176897595,0.52000000000000002,-0.81396655356071057,1.1302034047944469,1.9999635543927941,1.6969541792693752,-1.3891909238176756,0,0,-0.11436441304149358,-1.1926104340073711,-0.39216987516230556,1.0259782307886069,1.7430774991625768,0,0
0,0,0.79300000000000004,1,0,0,0,0,0,0,0,0,0,0,0,0,0,0,0,0.1644444653427046,0.34158232606235678,0.52000000000000002,-0.81201315308801902,1.1143659880929651,1.9999731541468528,1.6954928265160853,-1.394789060946996,0,0,-0.12267354481248059,-1.1803208742721101,-0.39033476374149256,1.0214901876738147,1.7568346459220625,0,0
0,0,0.79300000000000004,1,0,0,0,0,0,0,0,0,0,0,0,0,0,0,0,0.16095696867321974,0.32193726454095933,0.52000000000000002,-0.80946350795125066,1.1000422315196934,1.9999819485372912,1.6936124620950557,-1.4004727079647763,0,0,-0.13111283717598959,-1.1677524509104247,-0.38795265548286562,1.0171184554000696,1.771409025272032,0,0
0,0,0.79300000000000004,1,0,0,0,0,0,0,0,0,0,0,0,0,0,0,0,0.15702400527865565,0.30143848117709082,0.52000000000000002,-0.80632688217494985,1.0874659115486605,1.9999896980185254,1.6913949265410835,-1.4062335040192258,0,0,-0.1396263676360853,-1.1550092510964991,-0.38506884483446341,1.0129062377506384,1.7867790824190148,0,0
0,0,0.79300000000000004,1,0,0,0,0,0,0,0,0,0,0,0,0,0,0,0,0.15267495656328647,0.28025413213218664,0.52000000000000002,-0.80263026988307296,1.0767961502945016,1.9999961971883211,1.6889350336574924,-1.4120616575220379,0,0,-0.14816019766137892,-1.1422051631813208,-0.38172719000419103,1.0088937058887828,1.8029050827983599,0,0
0,0,0.79300000000000004,1,0,0,0,0,0,0,0,0,0,0,0,0,0,0,0,0.14795112212231248,0.25858372408465941,0.52000000000000002,-0.79841704167682037,1.0681127667596482,1.9999999995246485,1.6863325483918716,-1.4179475608633845,0,0,-0.15666148162381546,-1.1294620554716337,-0.37797064903449118,1.0051187708780802,1.819729277451112,0,0
0,0,0.79300000000000004,1,0,0,0,0,0,0,0,0,0,0,0,0,0,0,0,0.14290507352066131,0.23665534044912825,0.52000000000000002,-0.7937448324716172,1.0614170867801576,1.9999999999999405,1.6836856021756492,-1.4238832178932506,0,0,-0.16507824451742353,-1.116907885418017,-0.37384251735469476,1.0016170740072337,1.8371773337881665,0,0
0,0,0.79300000000000004,1,0,0,0,0,0,0,0,0,0,0,0,0,0,0,0,0.13759884950131124,0.21472136861180369,0.52000000000000002,-0.78868236416081827,1.0566376838806335,2,1.6810863932701101,-1.4298624188819355,0,0,-0.17336049882069604,-1.1046750491215744,-0.36938810877019157,0.99842093945148103,1.8551610367365483,0,0
0,0,0.79300000000000004,1,0,0,0,0,0,0,0,0,0,0,0,0,0,0,0,0.12718777505349274,0.1896939937797302,0.52000000000000002,-0.77761659779229342,1.0403805931022112,2,1.6834365461152621,-1.4360971700208187,0,0,-0.17274343633479142,-1.0794520373141769,-0.36788686042748997,0.99891515816761767,1.8741706306397758,0,0
0,0,0.79300000000000004,1,0,0,0,0,0,0,0,0,0,0,0,0,0,0,0,0.12016051500334655,0.16690292517918789,0.52000000000000002,-0.76878977295454609,1.0351553605828159,2,1.6813654473958513,-1.4430818706526476,0,0,-0.17410232509919615,-1.0638639843383022,-0.3668694934914663,0.99852926600534031,1.8928800803477175,0,0
0,0,0.79300000000000004,1,0,0,0,0,0,0,0,0,0,0,0,0,0,0,0,0.11487150046697568,0.14602235921890003,0.52000000000000002,-0.76130903358155211,1.0336747868434191,2,1.6800593073421479,-1.4503000321617394,0,0,-0.17712471762925075,-1.051834592704469,-0.3656052282149424,0.99741033687914549,1.911391462096008,0,0
0,0,0.79300000000000004,1,0,0,0,0,0,0,0,0,0,0,0,0,0,0,0,0.1104514448183922,0.12686826256060096,0.52000000000000002,-0.75465688000460118,1.0340186212543068,2,1.6791308396558167,-1.4575937311658154,0,0,-0.18119294271452413,-1.0415571907973347,-0.36403525368166878,0.99587762433475724,1.9298322240934236,0,0
0,0,0.79300000000000004,1,0,0,0,0,0,0,0,0,0,0,0,0,0,0,0,0.10648070999949048,0.10940408288005637,0.52000000000000002,-0.74854981965529943,1.0355231927418194,2,1.6784219819819011,-1.4648911992047509,0,0,-0.18582636927880478,-1.0324476126001854,-0.36222626702809163,0.99422336095355957,1.948264666688839,0,0
0,0,0.79300000000000004,1,0,0,0,0,0,0,0,0,0,0,0,0,0,0,0,0.10277825353994627,0.093690559955002833,0.52000000000000002,-0.74285771634955877,1.0378377790091302,2,1.6779052669146635,-1.4721527196513635,0,0,-0.19070676284436922,-1.0243146268615282,-0.36025929150857638,0.99267631720130201,1.9666960389156545,0,0
0,0,0.79300000000000004,1,0,0,0,0,0,0,0,0,0,0,0,0,0,0,0,0.099337076258493834,0.079827446320279397,0.52000000000000002,-0.73755225050547812,1.0405702577334324,1.9999511060654251,1.6775878590356346,-1.4793497513447236,0,0,-0.19573401239799881,-1.0168675631798678,-0.35816093729011145,0.99138851706424158,1.9711728991964876,0,0
0,0,0.79300000000000004,1,0,0,0,0,0,0,0,0,0,0,0,0,0,0,0,0.096125068112479048,0.067937324153379636,0.52000000000000002,-0.73267564200768853,1.0436237865511435,1.9998749365063524,1.6774280451794488,-1.4864505406208817,0,0,-0.20081941237118739,-1.0103207004613464,-0.35602486770825081,0.99030525116541479,1.9714362902739435,0,0
0,0,0.79300000000000004,1,0,0,0,0,0,0,0,0,0,0,0,0,0,0,0,0.093139290268835495,0.058164542597675978,0.52000000000000002,-0.72824353738392333,1.0468339000525921,1.9998075592869149,1.6774500150955498,-1.4934238707975194,0,0,-0.20582958962670347,-1.0047549753234504,-0.35393281006194294,0.9895274600241255,1.9714591722461066,0,0
0,0,0.79300000000000004,1,0,0,0,0,0,0,0,0,0,0,0,0,0,0,0,0.090404726306430205,0.050643385452207854,0.52000000000000002,-0.72427897106269901,1.0500223182788231,1.9997575033453014,1.6776601218652882,-1.5002375877780385,0,0,-0.21066257666997504,-1.0001986695037048,-0.35195893470333861,0.98917776830717841,1.9714465947295015,0,0
0,0,0.79300000000000004,1,0,0,0,0,0,0,0,0,0,0,0,0,0,0,0,0.087954694399961522,0.04548565640865862,0.52000000000000002,-0.72081450728437457,1.0530513030326931,1.9997252377161938,1.6780515314608562,-1.5068574565524242,0,0,-0.21524695590132287,-0.9966980481374017,-0.3501785278014829,0.98934966870688024,1.9714115168452906,0,0
0,0,0.79300000000000004,1,0,0,0,0,0,0,0,0,0,0,0,0,0,0,0,0.085737532306435854,0.046119958525631589,0.52000000000000002,-0.72548755851708657,1.0667363326086203,1.9990793574577082,1.6695325707001816,-1.5116954456688658,0,0,-0.23030225885881708,-1.0111119267436,-0.34529966478372609,0.98783485756812395,1.9708671937995992,0,0
0,0,0.79300000000000004,1,0,0,0,0,0,0,0,0,0,0,0,0,0,0,0,0.083379525547128241,0.044677325011794826,0.52000000000000002,-0.72002059321077572,1.0607159828117052,1.999933542503447,1.6797573780699055,-1.5182913278133863,0,0,-0.2308882648476252,-0.99965126944026872,-0.34311711901585568,0.99088981338956783,1.9709498628758935,0,0
0,0,0.79300000000000004,1,0,0,0,0,0,0,0,0,0,0,0,0,0,0,0,0.082185767590654046,0.049674066615468408,0.52000000000000002,-0.72340181193229225,1.071530711480178,1.9993736650820622,1.6723037680417341,-1.5231419463948965,0,0,-0.24141020587371551,-1.0139423514370873,-0.33942372135969862,0.99210748392412851,1.9705356815147008,0,0
0,0,0.79300000000000004,1,0,0,0,0,0,0,0,0,0,0,0,0,0,0,0,0.081332525007536238,0.056446197090664119,0.52000000000000002,-0.72498832893727538,1.0740393224914828,1.9997510242569676,1.6744504138464726,-1.528052950722574,0,0,-0.24850348165751682,-1.0203760049357538,-0.33534449260973848,0.99509025842234389,1.9700402685172753,0,0
0,0,0.79300000000000004,1,0,0,0,0,0,0,0,0,0,0,0,0,0,0,0,0.081048583881339925,0.065157795309387465,0.52000000000000002,-0.72564733952175353,1.0754534408183123,1.9999805469846534,1.676379656707542,-1.5329770311507305,0,0,-0.25283908672547306,-1.026277007578531,-0.33207783931772156,0.9991625292842351,1.9698098977657186,0,0
0,0,0.79300000000000004,1,0,0,0,0,0,0,0,0,0,0,0,0,0,0,0,0.081367778253579742,0.07598298024670487,0.52000000000000002,-0.72606369590809339,1.0766203846884079,1.9999844801766282,1.6784485450393192,-1.5377828330132393,0,0,-0.25531395601587115,-1.0330216056285975,-0.3297162845939608,1.0038022023660162,1.9696067855148636,0,0
0,0,0.79300000000000004,1,0,0,0,0,0,0,0,0,0,0,0,0,0,0,0,0.082275778389286972,0.088963448146714169,0.52000000000000002,-0.72657383074326221,1.0778132117344361,1.9999869791338627,1.6806977983163314,-1.5423929077746186,0,0,-0.25635687403741558,-1.0409619830746992,-0.32822992537756535,1.0087924317628083,1.9693937668710879,0,0
0,0,0.79300000000000004,1,0,0,0,0,0,0,0,0,0,0,0,0,0,0,0,0.083742997866203039,0.10402471383323901,0.52000000000000002,-0.72732506167816124,1.0792629454307867,1.9999888573736708,1.6830845471619753,-1.5467632110275455,0,0,-0.2561573809018024,-1.0501767022093074,-0.32757189310561691,1.0140468639401734,1.9691657711637733,0,0
0,0,0.79300000000000004,1,0,0,0,0,0,0,0,0,0,0,0,0,0,0,0,0.085730112981954723,0.1210072213651481,0.52000000000000002,-0.7283612745546264,1.0812082675899404,1.999990144298913,1.6855515701797605,-1.5508729979001601,0,0,-0.25480311894804564,-1.0606403638930786,-0.3276916825771114,1.0195180352603375,1.9689233938527735,0,0
0,0,0.79300000000000004,1,0,0,0,0,0,0,0,0,0,0,0,0,0,0,0,0.088188358957674504,0.13969158232732301,0.52000000000000002,-0.72967090125022205,1.0838900664335758,1.9999907995178081,1.6880380683025307,-1.554716696551139,0,0,-0.25234177926116147,-1.0722718707925334,-0.32853542609559999,1.0251628637656949,1.9686680186145276,0,0
0,0,0.79300000000000004,1,0,0,0,0,0,0,0,0,0,0,0,0,0,0,0,0.091060533142303487,0.15981663922621142,0.52000000000000002,-0.7312129949932723,1.0875392407526061,1.9999907894289337,1.690479084639426,-1.558299129514938,0,0,-0.24880888532544598,-1.0849515403497096,-0.33004546959124359,1.0309322690226539,1.9684008171902632,0,0
0,0,0.79300000000000004,1,0,0,0,0,0,0,0,0,0,0,0,0,0,0,0,0.094283242091321523,0.18109301498690872,0.52000000000000002,-0.73293198979829399,1.0923633324093198,1.9999901145826129,1.6928053511788448,-1.5616324357133955,0,0,-0.24424050604001507,-1.0985289946830412,-0.33216090076110466,1.0367707258784364,1.9681225255459076,0,0
0,0,0.79300000000000004,1,0,0,0,0,0,0,0,0,0,0,0,0,0,0,0,0.09778974820238194,0.20321435743256697,0.52000000000000002,-0.73476648040587023,1.0985331149901856,1.9999888142009961,1.6949445782884085,-1.5647338862757094,0,0,-0.23867931808903525,-1.1128286773692342,-0.33481897366781627,1.042619420268537,1.9678334596803047,0,0
0,0,0.79300000000000004,1,0,0,0,0,0,0,0,0,0,0,0,0,0,0,0,0.10151278199381437,0.22586753004487656,0.52000000000000002,-0.73665473591553077,1.1061700626061046,1.9999869579229346,1.6968241183380619,-1.5676242449293456,0,0,-0.23217767019517654,-1.1276553759050079,-0.33795702137731037,1.0484201603469328,1.9675336329607844,0,0
0,0,0.79300000000000004,1,0,0,0,0,0,0,0,0,0,0,0,0,0,0,0,0.10538692897933397,0.24874225004899944,0.52000000000000002,-0.73853839436074209,1.1153357203842482,1.9999846302319053,1.6983747846233901,-1.570326503674546,0,0,-0.22479923027932364,-1.1428005124499907,-0.34151441192156257,1.0541187299046579,1.9672229285222107,0,0
0,0,0.79300000000000004,1,0,0,0,0,0,0,0,0,0,0,0,0,0,0,0,0.10935042819131752,0.27154019377796684,0.52000000000000002,-0.74036513038582008,1.1260239743299929,1.9999819120202267,1.6995354752856509,-1.5728648604468614,0,0,-0.21661986879175096,-1.1580492655152059,-0.34543418150354083,1.059667107110857,1.9669013032353004,0,0
0,0,0.79300000000000004,1,0,0,0,0,0,0,0,0,0,0,0,0,0,0,0,0.12148194893391621,0.29842239443601581,0.52000000000000002,-0.75249069243160971,1.1487710335374877,1.9999864750565639,1.6999967271301988,-1.5764500328227133,0,0,-0.2151006216139183,-1.1971511947888436,-0.34900271053198917,1.0547825879932937,1.9645152726751303,0,0
0,0,0.79300000000000004,1,0,0,0,0,0,0,0,0,0,0,0,0,0,0,0,0.12281237429766277,0.31918582718005761,0.52000000000000002,-0.74951101149054689,1.1518317204725619,1.999991155632834,1.6999761622028347,-1.5784666476760336,0,0,-0.20033287449933154,-1.1947617628261624,-0.35187634177948901,1.0651693017146133,1.9653870579938499,0,0
0,0,0.79300000000000004,1,0,0,0,0,0,0,0,0,0,0,0,0,0,0,0,0.14336283323028851,0.3473641863520559,0.52000000000000002,-0.77005563580051695,1.1883292612743019,1.9999991766740117,1.6999998141474499,-1.5837133725600103,0,0,-0.20171957064586929,-1.2515485512712929,-0.35617790148768202,1.0496702690336175,1.960763350384181,0,0
0,0,0.79300000000000004,1,0,0,0,0,0,0,0,0,0,0,0,0,0,0,0,0.14004006894849072,0.36448046050496624,0.52000000000000002,-0.76040154041920927,1.18308028398427,1.9999919826319879,1.6999690280441744,-1.5849319279780336,0,0,-0.17999864294598222,-1.2297996592207618,-0.35834788865665879,1.0666389485985259,1.9635214969785744,0,0
0,0,0.79300000000000004,1,0,0,0,0,0,0,0,0,0,0,0,0,0,0,0,0.16913088100545853,0.39213019550129374,0.519999999759307,-0.78600035942973578,1.2334966068605338,1.999999934063373,1.6999998929029374,-1.5922438993700505,0,0,-0.18236683538068613,-1.3009621504798863,-0.36511050776054099,1.042642631965937,1.955916906728564,0,0
0,0,0.79300000000000004,1,0,0,0,0,0,0,0,0,0,0,0,0,0,0,0,0.17135801590950062,0.40851986843650612,0.51999999999999846,-0.77419492469443307,1.230235146613198,1.9999989592196203,1.6999734987192197,-1.5939663960851551,0,0,-0.15779487206200205,-1.2793519007302385,-0.36727993636394402,1.0594667137158515,1.9572051298185111,0,0
0,0,0.79300000000000004,1,0,0,0,0,0,0,0,0,0,0,0,0,0,0,0,0.19435087491850775,0.430455552542436,0.51999999973897348,-0.78758075467799571,1.2690570653501405,1.9999999196176013,1.6999968419748328,-1.5999199097936316,0,0,-0.1519347382361706,-1.3263698100664241,-0.37560975267037516,1.04520239372688,1.9521111718213091,0,0
0,0,0.79300000000000004,1,0,0,0,0,0,0,0,0,0,0,0,0,0,0,0,0.18961506194690875,0.44239667681713485,0.51999999999999835,-0.77483333254099518,1.2616698299891289,1.9999806008040573,1.6951553703680831,-1.6000770123866588,0,0,-0.12901287432401726,-1.3000029936117272,-0.37938938273965278,1.0615678916510027,1.9528048118783776,0,0
0,0,0.79300000000000004,1,0,0,0,0,0,0,0,0,0,0,0,0,0,0,0,0.20948705339247151,0.46038628097413303,0.51999999890778281,-0.78388478258750816,1.2975521200784481,1.9999998534008907,1.6924006706428445,-1.6052182777227628,0,0,-0.12305585933125056,-1.3428104143990398,-0.38979035841302911,1.0495415168769429,1.9461541214680305,0,0
0,0,0.79300000000000004,1,0,0,0,0,0,0,0,0,0,0,0,0,0,0,0,0.22456551151032705,0.47534916137433786,0.51999999970604793,-0.78588109855337152,1.3125570396400608,1.9999998693094492,1.6883315003373394,-1.6089961740193028,0,0,-0.1114578603887169,-1.3529612848751662,-0.39803165711192179,1.0479173433679325,1.9381730335208132,0,0
0,0,0.79300000000000004,1,0,0,0,0,0,0,0,0,0,0,0,0,0,0,0,0.23518133306141031,0.48781804800481582,0.51999999934417818,-0.78542014110893299,1.3238225702964839,1.9999998193103479,1.6837408569495957,-1.6118496569288421,0,0,-0.099523940843665448,-1.3584521091241781,-0.4071707122113557,1.0481376648959422,1.9299938782995909,0,0
0,0,0.79300000000000004,1,0,0,0,0,0,0,0,0,0,0,0,0,0,0,0,0.24278899793724457,0.49830229532843356,0.51999999895991722,-0.78419302946858271,1.3329420547989115,1.9999997731372008,1.6796252522806898,-1.6140873283261572,0,0,-0.08854103186092431,-1.362447842697293,-0.41687235595293615,1.0485225752299083,1.9216446338983497,0,0
0,0,0.79300000000000004,1,0,0,0,0,0,0,0,0,0,0,0,0,0,0,0,0.25944167900179782,0.50957867222187236,0.51999999993268309,-0.79042576457069891,1.3515580671785712,1.9999999703090368,1.6735439624715838,-1.6184116594477977,0,0,-0.083337108379217789,-1.3818550899078954,-0.42930467167610148,1.0409736070302653,1.9087283497067515,0,0
0,0,0.79300000000000004,1,0,0,0,0,0,0,0,0,0,0,0,0,0,0,0,0.27132842428459314,0.51837984379006508,0.51999999994125556,-0.79215701726479071,1.3587081966822536,1.9999999440877252,1.6702198739130194,-1.6215774124391757,0,0,-0.075588486341496355,-1.3847769504476981,-0.44061624077156175,1.0391262850541978,1.8955765318164861,0,0
0,0,0.79300000000000004,1,0,0,0,0,0,0,0,0,0,0,0,0,0,0,0,0.27942389018484748,0.51999901740514487,0.51999999992879009,-0.79311177746913375,1.3638329010438308,1.9999999019413968,1.6676617076625995,-1.6240726125081775,0,0,-0.068711085438591488,-1.3845181603202443,-0.45153846789656832,1.0375162253473527,1.8828438642084624,0,0
0,0,0.79300000000000004,1,0,0,0,0,0,0,0,0,0,0,0,0,0,0,0,0.28447790956245494,0.51999986208185223,0.51999999992217572,-0.79416491926255905,1.3666217095171105,1.9999998798693017,1.666671635490109,-1.6258510037880136,0,0,-0.063288582575058525,-1.3837643612130099,-0.46164602132361271,1.035602135016906,1.8702881652871444,0,0
0,0,0.79300000000000004,1,0,0,0,0,0,0,0,0,0,0,0,0,0,0,0,0.28774042000714489,0.51999996090213363,0.51999999992051282,-0.79562849564146565,1.3673169171192345,1.9999998732325333,1.6666961859582949,-1.6271419104557374,0,0,-0.059231136583534266,-1.3827330070099308,-0.47056053777574713,1.0332999638810958,1.8579745419166709,0,0
0,0,0.79300000000000004,1,0,0,0,0,0,0,0,0,0,0,0,0,0,0,0,0.29005006757244323,0.51999997770388662,0.51999999992236379,-0.79771353000725842,1.3660803658628886,1.9999998750314567,1.667646497025516,-1.6281505378261876,0,0,-0.056491201102617801,-1.3814555123628645,-0.47805822889544214,1.0304761089104015,1.8460840676910146,0,0
0,0,0.79300000000000004,1,0,0,0,0,0,0,0,0,0,0,0,0,0,0,0,0.29187562322575755,0.51999991494402853,0.51999999992715484,-0.80053493758574867,1.3629809425496739,1.9999998828421579,1.6695019768281647,-1.6290086384144626,0,0,-0.054999897070891667,-1.3799693885339319,-0.48401444693634238,1.0270661674297408,1.8348024782104186,0,0
0,0,0.79300000000000004,1,0,0,0,0,0,0,0,0,0,0,0,0,0,0,0,0.29347316023375392,0.51999977469355674,0.51999999993459567,-0.80415049085263268,1.3580513871117463,1.9999998952169509,1.6722190033242454,-1.6298058749575812,0,0,-0.054680002634862661,-1.378298525778318,-0.4883618606770167,1.0230437048277685,1.824309107051548,0,0
0,0,0.79300000000000004,1,0,0,0,0,0,0,0,0,0,0,0,0,0,0,0,0.29497344420629135,0.51999941209214884,0.51999999994457002,-0.80857962817371887,1.3513081610091882,1.9999999110930247,1.675728626712552,-1.630606973298327,0,0,-0.055453402763919399,-1.3764569368015196,-0.49106969953886109,1.0184035854903544,1.8147699602357432,0,0
0,0,0.79300000000000004,1,0,0,0,0,0,0,0,0,0,0,0,0,0,0,0,0.29636930826600327,0.51999370524479627,0.51999999995706414,-0.81379783697465347,1.3426921397839509,1.9999999296312629,1.6799695623428252,-1.6314578509733395,0,0,-0.057271030713027339,-1.374509510799649,-0.49213460044137414,1.0131606099942945,1.8063285925616839,0,0
0,0,0.79300000000000004,1,0,0,0,0,0,0,0,0,0,0,0,0,0,0,0,0.29759713884898104,0.51988211799126305,0.51999999997211843,-0.8197726868922508,1.33220640871341,1.9999999504709924,1.684862183510943,-1.6323886797766964,0,0,-0.060090469195186437,-1.3724777507082579,-0.49156129665473958,1.0073066362758594,1.7990905325931437,0,0
0,0,0.79300000000000004,1,0,0,0,0,0,0,0,0,0,0,0,0,0,0,0,0.28761648121538891,0.51455030584893013,0.51999999979836775,-0.81731457976198463,1.307551757210798,1.9999994663392304,1.691149196403414,-1.6310482602743723,0,0,-0.058593118492364357,-1.3520276063079364,-0.48873385243764988,1.0085544748546882,1.7971149572123764,0,0
0,0,0.79300000000000004,1,0,0,0,0,0,0,0,0,0,0,0,0,0,0,0,0.2806432091976907,0.50737656465845027,0.51999999976816014,-0.81996582627711867,1.2915337705459511,1.9999995986141317,1.6957745730234532,-1.6306767071050758,0,0,-0.061985118905696017,-1.3462743664363468,-0.48514296739523743,1.0039126140416408,1.7964660318578338,0,0
0,0,0.79300000000000004,1,0,0,0,0,0,0,0,0,0,0,0,0,0,0,0,0.27584237381075238,0.49880747726709479,0.52000000000000002,-0.8245857407499505,1.2753843243793186,1.9999997642431218,1.699580011923298,-1.6307779594367833,0,0,-0.06757202413588112,-1.3413638871101365,-0.47953763982527492,0.99793312856095762,1.796713515818293,0,0
0,0,0.79300000000000004,1,0,0,0,0,0,0,0,0,0,0,0,0,0,0,0,0.24838806437133823,0.48210256182423655,0.52000000000000002,-0.81088553891310133,1.2312658085726622,1.9999201917488343,1.6999787458236517,-1.6270012313883375,0,0,-0.0611931169852344,-1.2951569752361762,-0.47455512065167049,1.008035675665476,1.804643137496045,0,0
0,0,0.79300000000000004,1,0,0,0,0,0,0,0,0,0,0,0,0,0,0,0,0.26288738775889348,0.47635310238343176,0.52000000000000002,-0.84170231043364174,1.247887132513166,1.9999999490620377,1.6999999988640806,-1.631415794031631,0,0,-0.088000104334550536,-1.3444046861521675,-0.4659086338692271,0.97900497073361914,1.8038022382071153,0,0
0,0,0.79300000000000004,1,0,0,0,0,0,0,0,0,0,0,0,0,0,0,0,0.22706017496036884,0.45366063881459351,0.52000000000000002,-0.81633935805080604,1.1834250364172807,1.9998087071824984,1.6999827022193259,-1.6269159343916393,0,0,-0.073155132370404927,-1.2662511211661562,-0.45960731183720049,0.99959219970832824,1.8157579753781092,0,0
0,0,0.79300000000000004,1,0,0,0,0,0,0,0,0,0,0,0,0,0,0,0,0.23612240761836142,0.4440552242357117,0.52000000000000002,-0.83631599502832166,1.194544055832697,1.9999978390492383,1.6999999809917674,-1.6303562722204803,0,0,-0.097545388436282979,-1.3063428120338487,-0.449624389851914,0.9773090963339276,1.8202738052731722,0,0
0,0,0.79300000000000004,1,0,0,0,0,0,0,0,0,0,0,0,0,0,0,0,0.20874110789474523,0.4204975712873506,0.52000000000000002,-0.81266538740269101,1.1414948904292161,1.99994087986952,1.6999890203797776,-1.6280605818439871,0,0,-0.086321395005305376,-1.2431437967988643,-0.44277131300005235,0.99346871603656695,1.8333821646969821,0,0
0,0,0.79300000000000004,1,0,0,0,0,0,0,0,0,0,0,0,0,0,0,0,0.21148445946173711,0.40675473813873975,0.52000000000000002,-0.82254844158451801,1.1462048883941507,1.9999975137933492,1.6999996736114102,-1.6305002518717824,0,0,-0.10648885973195082,-1.2676761704987625,-0.4344367756601682,0.97594790408113019,1.8425306607353245,0,0
0,0,0.79300000000000004,1,0,0,0,0,0,0,0,0,0,0,0,0,0,0,0,0.19046675851757042,0.38268828027310142,0.52000000000000002,-0.8030698511015234,1.1030247714665669,1.9999565938208643,1.6999652679328434,-1.629780519867831,0,0,-0.10027235027116009,-1.2180310251275728,-0.42678950896778101,0.98726833199532216,1.8567073893513006,0,0
0,0,0.79300000000000004,1,0,0,0,0,0,0,0,0,0,0,0,0,0,0,0,0.17536693672380371,0.35933425406989405,0.52000000000000002,-0.79162259945897473,1.0825152988952347,1.9991220628047148,1.6991802739889739,-1.630415997991097,0,0,-0.1024276958321413,-1.1972952583594783,-0.4212549433104521,0.98991165934860625,1.8715837384296741,0,0
0,0,0.79300000000000004,1,0,0,0,0,0,0,0,0,0,0,0,0,0,0,0,0.17329557749741392,0.34125885468649747,0.52000000000000002,-0.79579496499616176,1.0821582692949072,1.9999417593076831,1.6999038361561689,-1.6324627713882698,0,0,-0.12123938556878695,-1.2064996674620689,-0.4118171212865247,0.97816343610226764,1.8846440699656213,0,0
0,0,0.79300000000000004,1,0,0,0,0,0,0,0,0,0,0,0,0,0,0,0,0.16127017636170132,0.31759801291993822,0.52000000000000002,-0.78348338801487827,1.0568238141183894,1.9995043939012733,1.697795561493894,-1.6338917858984976,0,0,-0.12354030268804959,-1.1768856132463608,-0.40346250957813062,0.98189168189536813,1.9000945072597588,0,0
0,0,0.79300000000000004,1,0,0,0,0,0,0,0,0,0,0,0,0,0,0,0,0.15154178401436896,0.29419983180578163,0.52000000000000002,-0.77480036125345242,1.0439604177643356,1.9988960860838845,1.6947499448031065,-1.635779464608627,0,0,-0.12992801521488259,-1.1607254340505291,-0.39618498673932018,0.9816833164550971,1.9161726648300192,0,0
0,0,0.79300000000000004,1,0,0,0,0,0,0,0,0,0,0,0,0,0,0,0,0.14335462986388947,0.27122944128072518,0.52000000000000002,-0.76779304513174063,1.0348156932082577,1.9986293898921723,1.6926020046703474,-1.6379382657404502,0,0,-0.13841418104459466,-1.1477428243688368,-0.38858724935967848,0.97994588557713358,1.9325487304963622,0,0
0,0,0.79300000000000004,1,0,0,0,0,0,0,0,0,0,0,0,0,0,0,0,0.12974166130342557,0.2451711598541666,0.52000000000000002,-0.75681733061466616,1.0140209428486615,1.9993221647707413,1.6900131423594735,-1.6406396558815541,0,0,-0.13956569803222901,-1.1208023586795079,-0.38536171721742862,0.98124363600014897,1.9509406246379928,0,0
0,0,0.79300000000000004,1,0,0,0,0,0,0,0,0,0,0,0,0,0,0,0,0.12084111305025953,0.22115874333614205,0.52000000000000002,-0.7479136759460947,1.0053483917657486,1.999077021612844,1.6876709518813489,-1.6441134817874352,0,0,-0.14295320093294622,-1.1041338480461997,-0.38268727218656506,0.98156483207254497,1.9687329053711498,0,0
0,0,0.79300000000000004,1,0,0,0,0,0,0,0,0,0,0,0,0,0,0,0,0.11445689192643388,0.19872054930624522,0.52000000000000002,-0.7402908394758595,1.0009888171986476,1.9989330509533036,1.6863933886918177,-1.6479364560184386,0,0,-0.14813793845047746,-1.0909205575762004,-0.37971180008193511,0.98108094196438189,1.9700280499934752,0,0
0,0,0.79300000000000004,1,0,0,0,0,0,0,0,0,0,0,0,0,0,0,0,0.10930920096878513,0.17761728290641834,0.52000000000000002,-0.73351420323200955,0.99897311434989089,1.9987986000415803,1.685360264036148,-1.6519360297880477,0,0,-0.15453256621066147,-1.0794299827428353,-0.37639022764228847,0.97974647236351908,1.9703721100399423,0,0
0,0,0.79300000000000004,1,0,0,0,0,0,0,0,0,0,0,0,0,0,0,0,0.10476698582273421,0.15778751750347206,0.52000000000000002,-0.72724972854360792,0.99865391928097058,1.9986868846411461,1.6844550314191247,-1.6560429100682585,0,0,-0.16155051114225394,-1.0689797063544577,-0.37280231015361437,0.97792778105229727,1.9706017488604908,0,0
0,0,0.79300000000000004,1,0,0,0,0,0,0,0,0,0,0,0,0,0,0,0,0.10054230921184763,0.13928250058674715,0.52000000000000002,-0.72134122831541703,0.9997057664732043,1.9985914718818547,1.6836737732382099,-1.6602243231781331,0,0,-0.16879800343467954,-1.0593376149850284,-0.36902786772250257,0.97592756300643146,1.9707805348520777,0,0
0,0,0.79300000000000004,1,0,0,0,0,0,0,0,0,0,0,0,0,0,0,0,0.096525196438514371,0.12222382592650953,0.52000000000000002,-0.71574380156143369,1.001866376962657,1.9985093181249103,1.6830334064093946,-1.6644587085354146,0,0,-0.17602706402947157,-1.0504429685970709,-0.36513407790386515,0.97397338338159611,1.9709200890545837,0,0
0,0,0.79300000000000004,1,0,0,0,0,0,0,0,0,0,0,0,0,0,0,0,0.092694783728238028,0.10677084709327241,0.52000000000000002,-0.71047352004691722,1.0048840820574809,1.9984402468496181,1.6825468513387809,-1.6687238473010584,0,0,-0.18308469567579352,-1.0423051219466941,-0.36118256477593985,0.97223552985510087,1.971024844062611,0,0
0,0,0.79300000000000004,1,0,0,0,0,0,0,0,0,0,0,0,0,0,0,0,0.089072162885257142,0.093097124037959361,0.52000000000000002,-0.70557598668320776,1.008516223356172,1.9983855219940203,1.6822198030540445,-1.6729916990837357,0,0,-0.18987638751501001,-1.0349640180673965,-0.35723599195755362,0.9708440207734278,1.9710972531867148,0,0
0,0,0.79300000000000004,1,0,0,0,0,0,0,0,0,0,0,0,0,0,0,0,0.085695658440291866,0.081374046925110757,0.52000000000000002,-0.70110794133392051,1.0125377121702714,1.9983469393630688,1.6820524694797199,-1.6772269493703049,0,0,-0.19634205077919814,-1.0284732199908924,-0.35336125429043697,0.96990132332885781,1.9711391918638277,0,0
0,0,0.79300000000000004,1,0,0,0,0,0,0,0,0,0,0,0,0,0,0,0,0.082608072891579926,0.071759667685093134,0.52000000000000002,-0.69712690477766892,1.0167498017648784,1.9983262256615955,1.6820415898209755,-1.6813877503063197,0,0,-0.20244059226847175,-1.0228921416687919,-0.34963000794531052,0.96949090046604725,1.9711525204590037,0,0
0,0,0.79300000000000004,1,0,0,0,0,0,0,0,0,0,0,0,0,0,0,0,0.079981885529502666,0.070343999921286204,0.52000000000000002,-0.71940821047734282,1.0465584125923311,1.9953389038554021,1.6739759316922844,-1.6818274604203776,0,0,-0.23793029568555246,-1.0545025014378711,-0.33679534227597224,0.95545419952820232,1.9697170232233085,0,0
0,0,0.79300000000000004,1,0,0,0,0,0,0,0,0,0,0,0,0,0,0,0,0.076503455695362002,0.062634286208575432,0.52000000000000002,-0.70664523030954407,1.0333377083575335,1.998880344533343,1.6838663096331006,-1.6879105772691132,0,0,-0.23197035375065297,-1.0286064980969485,-0.33143220241200422,0.96299751911987286,1.9703424108378145,0,0
0,0,0.79300000000000004,1,0,0,0,0,0,0,0,0,0,0,0,0,0,0,0,0.074826018025225621,0.06117553318056819,0.52000000000000002,-0.70433546892660004,1.04438443730772,1.9969755076375142,1.6774532027657318,-1.6910303848621773,0,0,-0.23821959115129232,-1.0341484388283835,-0.32456445475276224,0.96673946282706935,1.9699319393083115,0,0
0,0,0.79300000000000004,1,0,0,0,0,0,0,0,0,0,0,0,0,0,0,0,0.073318550355696011,0.061886232523916139,0.52000000000000002,-0.70281181812740212,1.0485979648743344,1.9971404723463875,1.6788506986857081,-1.694048382919453,0,0,-0.24401878585856385,-1.0359592016565837,-0.31763993017966413,0.97027433073229308,1.9695649656783614,0,0
0,0,0.79300000000000004,1,0,0,0,0,0,0,0,0,0,0,0,0,0,0,0,0.072258951330948618,0.064990166765974758,0.52000000000000002,-0.7017551922181301,1.0516870446891828,1.9973630822372865,1.6800497055404839,-1.69689166788595,0,0,-0.24850826282461491,-1.0383640010544579,-0.31157999601037617,0.97420404282929274,1.9693880702025237,0,0
0,0,0.79300000000000004,1,0,0,0,0,0,0,0,0,0,0,0,0,0,0,0,0.071787619062338215,0.070593172016260655,0.52000000000000002,-0.70125768068499705,1.054357070879244,1.9975914398282677,1.6813568028562529,-1.6995291546563522,0,0,-0.25177389885818879,-1.041987417957281,-0.30647414768169101,0.97857531536759912,1.9692177015924266,0,0
0,0,0.79300000000000004,1,0,0,0,0,0,0,0,0,0,0,0,0,0,0,0,0.071967551480806496,0.078697637612661658,0.52000000000000002,-0.70137018947156915,1.0568208447481637,1.9978294065482978,1.682841979428404,-1.701939836908158,0,0,-0.25389613044833137,-1.0469499854844826,-0.30232563707413301,0.98339167672999706,1.9690314585978486,0,0
0,0,0.79300000000000004,1,0,0,0,0,0,0,0,0,0,0,0,0,0,0,0,0.072813371709684091,0.08922911000522922,0.52000000000000002,-0.70208952417094628,1.0592509481373,1.9980741492076961,1.6844917394693004,-1.7041120728267065,0,0,-0.25491801916285312,-1.053268488953113,-0.29912653499428327,0.98864201163116527,1.9688297078453685,0,0
0,0,0.79300000000000004,1,0,0,0,0,0,0,0,0,0,0,0,0,0,0,0,0.074307787484161281,0.102054231211793,0.52000000000000002,-0.70337661364401272,1.0618377799934691,1.9983200923812117,1.6862759265204721,-1.7060442416587025,0,0,-0.25486194840436777,-1.0609197225453191,-0.29686285352268149,0.99430016143415434,1.9686157142767409,0,0
0,0,0.79300000000000004,1,0,0,0,0,0,0,0,0,0,0,0,0,0,0,0,0.076411555050532418,0.11699205561104137,0.52000000000000002,-0.70517058636130636,1.0647919755177475,1.9985609206666572,1.6881577154154392,-1.7077446863406398,0,0,-0.25374259834855717,-1.0698513755111629,-0.29551238093774812,1.0003248073673721,1.9683928746999215,0,0
0,0,0.79300000000000004,1,0,0,0,0,0,0,0,0,0,0,0,0,0,0,0,0.079070065350078572,0.13382202152558115,0.52000000000000002,-0.70739795281934015,1.0683364568568892,1.998790406006405,1.6900940175985564,-1.7092306910916355,0,0,-0.25157491191711401,-1.0799836276196302,-0.29504329708617483,1.0066611883137422,1.9681642066143332,0,0
0,0,0.79300000000000004,1,0,0,0,0,0,0,0,0,0,0,0,0,0,0,0,0.082218205060915997,0.15229073358405171,0.52000000000000002,-0.70997876194779963,1.0726951842808523,1.9990028646706701,1.6920348993943723,-1.710526657247841,0,0,-0.24837895244545993,-1.0912093575117465,-0.29541431886291569,1.0132441744869887,1.967932200459646,0,0
0,0,0.79300000000000004,1,0,0,0,0,0,0,0,0,0,0,0,0,0,0,0,0.085784310166291344,0.17211873211674861,0.52000000000000002,-0.71283095031253951,1.0780802262925155,1.9991934264700928,1.693923486964843,-1.7116618278041731,0,0,-0.24418291578772108,-1.1033948289490425,-0.2965761114397622,1.0200021942278599,1.9676987745195362,0,0
0,0,0.79300000000000004,1,0,0,0,0,0,0,0,0,0,0,0,0,0,0,0,0.089693542976330892,0.19300777956699353,0.52000000000000002,-0.71587354153930371,1.0846780991671021,1.9993581459665746,1.6956967559812981,-1.7126679685091193,0,0,-0.23902501318229025,-1.1163814938402183,-0.29847355013359328,1.0268615092673923,1.9674652947559521,0,0
0,0,0.79300000000000004,1,0,0,0,0,0,0,0,0,0,0,0,0,0,0,0,0.093870763368646165,0.21464878644944968,0.52000000000000002,-0.71902907970133834,1.0926363372058789,1.9994939618186958,1.6972874118707379,-1.7135773502407237,0,0,-0.23295465721539571,-1.1299891821054175,-0.30104838689363089,1.0337503063393414,1.9672326522534345,0,0
0,0,0.79300000000000004,1,0,0,0,0,0,0,0,0,0,0,0,0,0,0,0,0.098242863199637431,0.2367302418788291,0.52000000000000002,-0.7222255591440605,1.1020513068366968,1.9995985249511505,1.6986269340629341,-1.7144212242350092,0,0,-0.2260332183313068,-1.1440207444610206,-0.30424189259772655,1.040602104646291,1.9670013912969408,0,0
0,0,0.79300000000000004,1,0,0,0,0,0,0,0,0,0,0,0,0,0,0,0,0.10274053405926326,0.25894684753822839,0.52000000000000002,-0.72539803754317123,1.1129582700135856,1.9996699435931848,1.6996496788709645,-1.7152287981638092,0,0,-0.21833448565527913,-1.1582680346737499,-0.30799711421714421,1.0473581014463966,1.9667718763427517,0,0
